/*
  物件管理システム - サンプルデータ
  
  このファイルには充実したモックデータが含まれます：
  - 物件データ（5件）
  - 部屋データ（各物件4-6部屋、合計25部屋）
  - 住民データ（15名）
  - 業者データ（10社）
  - 契約データ（15件）
  - 修繕記録（20件）
  - 財務記録（50件）
  - 支払い記録（15件）
  - 住民要望（10件）
  - 通知（5件）
  - プロジェクト（3件）
  - メンバー（8名）
  - 外部パートナー（3社）
*/

-- =============================================================================
-- 1. 物件データ（5件）
-- =============================================================================

INSERT INTO mansions (id, name, address, purchase_date, total_rooms, occupancy_rate, photo_paths) VALUES
('550e8400-e29b-41d4-a716-446655440000', 'グランドパレス六本木', '東京都港区麻布十番1-2-3', '2020-03-15', 24, 87.5, '{}'),
('550e8400-e29b-41d4-a716-446655440001', 'ロイヤルタワー新宿', '東京都新宿区西新宿2-8-1', '2019-11-20', 36, 94.4, '{}'),
('550e8400-e29b-41d4-a716-446655440002', 'プレミアムコート渋谷', '東京都渋谷区渋谷3-15-7', '2021-01-10', 18, 83.3, '{}'),
('550e8400-e29b-41d4-a716-446655440003', 'エクセレント青山', '東京都港区南青山4-12-8', '2022-05-20', 28, 92.9, '{}'),
('550e8400-e29b-41d4-a716-446655440004', 'ラグジュアリー表参道', '東京都渋谷区神宮前5-3-15', '2023-02-10', 22, 86.4, '{}')
ON CONFLICT (id) DO NOTHING;

-- =============================================================================
-- 2. 部屋データ（25部屋）
-- =============================================================================

-- グランドパレス六本木（6部屋）
INSERT INTO rooms (id, mansion_id, room_number, layout, size, floor, monthly_rent, maintenance_fee, parking_fee, is_occupied) VALUES
('550e8400-e29b-41d4-a716-446655440010', '550e8400-e29b-41d4-a716-446655440000', '101', '1LDK', 45.5, 1, 120000, 15000, 20000, true),
('550e8400-e29b-41d4-a716-446655440011', '550e8400-e29b-41d4-a716-446655440000', '102', '2DK', 52.3, 1, 135000, 15000, 20000, false),
('550e8400-e29b-41d4-a716-446655440012', '550e8400-e29b-41d4-a716-446655440000', '206', '1LDK', 48.2, 2, 125000, 15000, 20000, true),
('550e8400-e29b-41d4-a716-446655440013', '550e8400-e29b-41d4-a716-446655440000', '305', '2LDK', 65.0, 3, 165000, 18000, 25000, true),
('550e8400-e29b-41d4-a716-446655440014', '550e8400-e29b-41d4-a716-446655440000', '402', '3LDK', 78.5, 4, 195000, 20000, 25000, false),
('550e8400-e29b-41d4-a716-446655440015', '550e8400-e29b-41d4-a716-446655440000', '503', '2LDK', 68.0, 5, 175000, 18000, 25000, true)
ON CONFLICT (id) DO NOTHING;

-- ロイヤルタワー新宿（5部屋）
INSERT INTO rooms (id, mansion_id, room_number, layout, size, floor, monthly_rent, maintenance_fee, parking_fee, is_occupied) VALUES
('550e8400-e29b-41d4-a716-446655440020', '550e8400-e29b-41d4-a716-446655440001', '801', '1K', 28.5, 8, 95000, 12000, 18000, true),
('550e8400-e29b-41d4-a716-446655440021', '550e8400-e29b-41d4-a716-446655440001', '1205', '1LDK', 42.0, 12, 115000, 14000, 18000, true),
('550e8400-e29b-41d4-a716-446655440022', '550e8400-e29b-41d4-a716-446655440001', '1508', '2LDK', 58.3, 15, 145000, 16000, 20000, false),
('550e8400-e29b-41d4-a716-446655440023', '550e8400-e29b-41d4-a716-446655440001', '2002', '3LDK', 82.0, 20, 210000, 22000, 25000, true),
('550e8400-e29b-41d4-a716-446655440024', '550e8400-e29b-41d4-a716-446655440001', '2510', 'Penthouse', 120.5, 25, 350000, 30000, 30000, true)
ON CONFLICT (id) DO NOTHING;

-- プレミアムコート渋谷（5部屋）
INSERT INTO rooms (id, mansion_id, room_number, layout, size, floor, monthly_rent, maintenance_fee, parking_fee, is_occupied) VALUES
('550e8400-e29b-41d4-a716-446655440030', '550e8400-e29b-41d4-a716-446655440002', '201', '1K', 32.0, 2, 98000, 10000, 15000, true),
('550e8400-e29b-41d4-a716-446655440031', '550e8400-e29b-41d4-a716-446655440002', '305', '1LDK', 45.8, 3, 125000, 12000, 18000, false),
('550e8400-e29b-41d4-a716-446655440032', '550e8400-e29b-41d4-a716-446655440002', '408', '2DK', 55.2, 4, 138000, 14000, 18000, true),
('550e8400-e29b-41d4-a716-446655440033', '550e8400-e29b-41d4-a716-446655440002', '502', '2LDK', 62.5, 5, 155000, 15000, 20000, true),
('550e8400-e29b-41d4-a716-446655440034', '550e8400-e29b-41d4-a716-446655440002', '601', '3LDK', 75.0, 6, 185000, 18000, 22000, false)
ON CONFLICT (id) DO NOTHING;

-- エクセレント青山（5部屋）
INSERT INTO rooms (id, mansion_id, room_number, layout, size, floor, monthly_rent, maintenance_fee, parking_fee, is_occupied) VALUES
('550e8400-e29b-41d4-a716-446655440040', '550e8400-e29b-41d4-a716-446655440003', '101', '1DK', 38.5, 1, 115000, 13000, 18000, true),
('550e8400-e29b-41d4-a716-446655440041', '550e8400-e29b-41d4-a716-446655440003', '203', '1LDK', 48.0, 2, 135000, 14000, 20000, true),
('550e8400-e29b-41d4-a716-446655440042', '550e8400-e29b-41d4-a716-446655440003', '305', '2LDK', 65.8, 3, 175000, 17000, 22000, false),
('550e8400-e29b-41d4-a716-446655440043', '550e8400-e29b-41d4-a716-446655440003', '408', '2LDK', 68.2, 4, 182000, 18000, 23000, true),
('550e8400-e29b-41d4-a716-446655440044', '550e8400-e29b-41d4-a716-446655440003', '501', '3LDK', 85.5, 5, 225000, 22000, 28000, true)
ON CONFLICT (id) DO NOTHING;

-- ラグジュアリー表参道（4部屋）
INSERT INTO rooms (id, mansion_id, room_number, layout, size, floor, monthly_rent, maintenance_fee, parking_fee, is_occupied) VALUES
('550e8400-e29b-41d4-a716-446655440050', '550e8400-e29b-41d4-a716-446655440004', '201', '1LDK', 52.0, 2, 145000, 16000, 22000, true),
('550e8400-e29b-41d4-a716-446655440051', '550e8400-e29b-41d4-a716-446655440004', '302', '2LDK', 72.5, 3, 195000, 19000, 25000, true),
('550e8400-e29b-41d4-a716-446655440052', '550e8400-e29b-41d4-a716-446655440004', '405', '3LDK', 88.0, 4, 240000, 24000, 30000, false),
('550e8400-e29b-41d4-a716-446655440053', '550e8400-e29b-41d4-a716-446655440004', '501', 'Penthouse', 125.0, 5, 380000, 32000, 35000, true)
ON CONFLICT (id) DO NOTHING;

-- =============================================================================
-- 3. 住民データ（15名）
-- =============================================================================

INSERT INTO residents (id, room_id, name, phone, email, move_in_date, emergency_contact, user_id, password, is_active) VALUES
-- グランドパレス六本木
('550e8400-e29b-41d4-a716-446655440060', '550e8400-e29b-41d4-a716-446655440010', '康井 宏益', '090-1234-5678', 'yasui@example.com', '2023-04-01', '康井 花子 090-8765-4321', 'yasui101', 'password123', true),
('550e8400-e29b-41d4-a716-446655440061', '550e8400-e29b-41d4-a716-446655440012', '遠里 麻実', '080-2345-6789', 'enri@example.com', '2023-09-15', '遠里 健 080-9876-5432', 'enri206', 'password456', true),
('550e8400-e29b-41d4-a716-446655440062', '550e8400-e29b-41d4-a716-446655440013', '土橋 正年', '070-3456-7890', 'dobashi@example.com', '2024-01-10', '土橋 美和 070-1234-5678', 'dobashi305', 'password789', true),
('550e8400-e29b-41d4-a716-446655440063', '550e8400-e29b-41d4-a716-446655440015', '新井 美咲', '080-4567-8901', 'arai@example.com', '2022-12-15', '新井 太郎 080-1111-2222', 'arai503', 'newpass123', true),

-- ロイヤルタワー新宿
('550e8400-e29b-41d4-a716-446655440064', '550e8400-e29b-41d4-a716-446655440020', '田中 一郎', '090-5678-9012', 'tanaka@example.com', '2024-03-01', '田中 春子 090-3333-4444', 'tanaka801', 'secure123', true),
('550e8400-e29b-41d4-a716-446655440065', '550e8400-e29b-41d4-a716-446655440021', '佐藤 花子', '080-6789-0123', 'sato@example.com', '2023-07-20', '佐藤 次郎 080-5555-6666', 'sato1205', 'mypass456', true),
('550e8400-e29b-41d4-a716-446655440066', '550e8400-e29b-41d4-a716-446655440023', '鈴木 太郎', '070-7890-1234', 'suzuki@example.com', '2024-05-10', '鈴木 美奈 070-7777-8888', 'suzuki2002', 'pass789', true),
('550e8400-e29b-41d4-a716-446655440067', '550e8400-e29b-41d4-a716-446655440024', '高橋 京子', '090-8901-2345', 'takahashi@example.com', '2023-11-05', '高橋 誠 090-9999-0000', 'takahashi2510', 'secure999', true),

-- プレミアムコート渋谷
('550e8400-e29b-41d4-a716-446655440068', '550e8400-e29b-41d4-a716-446655440030', '伊藤 健二', '080-9012-3456', 'ito@example.com', '2024-02-14', '伊藤 真理 080-1212-3434', 'ito201', 'mykey123', true),
('550e8400-e29b-41d4-a716-446655440069', '550e8400-e29b-41d4-a716-446655440032', '渡辺 麗子', '070-0123-4567', 'watanabe@example.com', '2023-10-20', '渡辺 浩 070-5656-7878', 'watanabe408', 'wpass456', true),
('550e8400-e29b-41d4-a716-446655440070', '550e8400-e29b-41d4-a716-446655440033', '山本 和彦', '090-1122-3344', 'yamamoto@example.com', '2024-06-01', '山本 恵子 090-9090-1010', 'yamamoto502', 'yama789', true),

-- エクセレント青山
('550e8400-e29b-41d4-a716-446655440071', '550e8400-e29b-41d4-a716-446655440040', '中村 直樹', '080-2233-4455', 'nakamura@example.com', '2024-04-15', '中村 友美 080-2020-3030', 'nakamura101', 'naka123', true),
('550e8400-e29b-41d4-a716-446655440072', '550e8400-e29b-41d4-a716-446655440041', '小林 さくら', '070-3344-5566', 'kobayashi@example.com', '2023-08-25', '小林 勇 070-4040-5050', 'kobayashi203', 'koba456', true),
('550e8400-e29b-41d4-a716-446655440073', '550e8400-e29b-41d4-a716-446655440043', '加藤 明', '090-4455-6677', 'kato@example.com', '2024-01-20', '加藤 綾 090-6060-7070', 'kato408', 'kato789', true),
('550e8400-e29b-41d4-a716-446655440074', '550e8400-e29b-41d4-a716-446655440044', '吉田 雅子', '080-5566-7788', 'yoshida@example.com', '2023-12-10', '吉田 誠一 080-8080-9090', 'yoshida501', 'yoshi999', true)
ON CONFLICT (id) DO NOTHING;

-- ラグジュアリー表参道
INSERT INTO residents (id, room_id, name, phone, email, move_in_date, emergency_contact, user_id, password, is_active) VALUES
('550e8400-e29b-41d4-a716-446655440075', '550e8400-e29b-41d4-a716-446655440050', '木村 拓也', '070-6677-8899', 'kimura@example.com', '2024-07-01', '木村 美香 070-1010-2020', 'kimura201', 'kpass123', true),
('550e8400-e29b-41d4-a716-446655440076', '550e8400-e29b-41d4-a716-446655440051', '林 由美', '090-7788-9900', 'hayashi@example.com', '2023-05-18', '林 大輔 090-3030-4040', 'hayashi302', 'haya456', true),
('550e8400-e29b-41d4-a716-446655440077', '550e8400-e29b-41d4-a716-446655440053', '斉藤 隆', '080-8899-0011', 'saito@example.com', '2024-09-05', '斉藤 愛 080-5050-6060', 'saito501', 'saito789', true)
ON CONFLICT (id) DO NOTHING;

-- =============================================================================
-- 4. 業者データ（10社）
-- =============================================================================

INSERT INTO contractors (id, name, contact_person, phone, email, address, specialties, hourly_rate, rating, is_active, last_work_date) VALUES
('550e8400-e29b-41d4-a716-446655440080', '東京水道工事株式会社', '田中 修理工', '03-1234-5678', 'tanaka@suidou-kouji.co.jp', '東京都港区赤坂1-2-3', '{"plumbing"}', 8000, 5, true, '2024-10-15'),
('550e8400-e29b-41d4-a716-446655440081', '水道修理プロ', '佐藤 太郎', '03-2345-6789', 'sato@suidou-pro.com', '東京都新宿区西新宿2-1-1', '{"plumbing"}', 7500, 4, true, '2024-10-28'),
('550e8400-e29b-41d4-a716-446655440082', 'リフォーム株式会社', '鈴木 花子', '03-3456-7890', 'suzuki@reform-corp.co.jp', '東京都渋谷区渋谷3-4-5', '{"interior","exterior"}', 12000, 4, true, '2024-11-01'),
('550e8400-e29b-41d4-a716-446655440083', '電気工事サービス', '高橋 一郎', '03-4567-8901', 'takahashi@denki-service.com', '東京都品川区大崎1-2-3', '{"electrical"}', 9000, 5, true, '2024-10-20'),
('550e8400-e29b-41d4-a716-446655440084', 'クリーンサービス東京', '山田 美咲', '03-5678-9012', 'yamada@clean-tokyo.co.jp', '東京都中央区銀座5-6-7', '{"other"}', 3500, 5, true, '2024-11-02'),
('550e8400-e29b-41d4-a716-446655440085', '外装メンテナンス', '伊藤 健一', '03-6789-0123', 'ito@gaisou-maint.com', '東京都港区六本木7-8-9', '{"exterior"}', 11000, 4, true, '2024-09-30'),
('550e8400-e29b-41d4-a716-446655440086', '内装デザインワークス', '渡辺 雅人', '03-7890-1234', 'watanabe@naisou-design.jp', '東京都渋谷区表参道4-5-6', '{"interior"}', 13000, 5, true, '2024-10-25'),
('550e8400-e29b-41d4-a716-446655440087', '設備修理センター', '中村 誠', '03-8901-2345', 'nakamura@setsubi-center.com', '東京都新宿区新宿1-2-3', '{"equipment","plumbing","electrical"}', 9500, 4, true, '2024-10-18'),
('550e8400-e29b-41d4-a716-446655440088', '総合リペアサービス', '小林 恵子', '03-9012-3456', 'kobayashi@sougou-repair.co.jp', '東京都港区芝5-6-7', '{"plumbing","electrical","interior"}', 10000, 5, true, '2024-11-03'),
('550e8400-e29b-41d4-a716-446655440089', '緊急対応24時', '加藤 大介', '03-0123-4567', 'kato@kinkyu24.jp', '東京都千代田区神田3-4-5', '{"plumbing","electrical","equipment"}', 15000, 4, true, '2024-10-22')
ON CONFLICT (id) DO NOTHING;

-- =============================================================================
-- 5. 契約データ（15件 - 入居中の住民分）
-- =============================================================================

INSERT INTO contracts (id, resident_id, start_date, end_date, rent, maintenance_fee, deposit, key_money, guarantor, status, application_date, approval_date, signing_date, move_in_date) VALUES
-- グランドパレス六本木
('550e8400-e29b-41d4-a716-446655440100', '550e8400-e29b-41d4-a716-446655440060', '2023-04-01', '2025-03-31', 120000, 15000, 240000, 120000, '康井商事株式会社', 'active', '2023-03-01', '2023-03-10', '2023-03-20', '2023-04-01'),
('550e8400-e29b-41d4-a716-446655440101', '550e8400-e29b-41d4-a716-446655440061', '2023-09-15', '2025-09-14', 125000, 15000, 250000, 125000, '保証会社A', 'active', '2023-08-15', '2023-08-25', '2023-09-01', '2023-09-15'),
('550e8400-e29b-41d4-a716-446655440102', '550e8400-e29b-41d4-a716-446655440062', '2024-01-10', '2026-01-09', 165000, 18000, 330000, 165000, '土橋父', 'active', '2023-12-10', '2023-12-20', '2023-12-28', '2024-01-10'),
('550e8400-e29b-41d4-a716-446655440103', '550e8400-e29b-41d4-a716-446655440063', '2022-12-15', '2024-12-14', 175000, 18000, 350000, 175000, '保証会社B', 'renewal-due', '2022-11-15', '2022-11-25', '2022-12-01', '2022-12-15'),

-- ロイヤルタワー新宿
('550e8400-e29b-41d4-a716-446655440104', '550e8400-e29b-41d4-a716-446655440064', '2024-03-01', '2026-02-28', 95000, 12000, 190000, 95000, '田中企画', 'active', '2024-02-01', '2024-02-10', '2024-02-20', '2024-03-01'),
('550e8400-e29b-41d4-a716-446655440105', '550e8400-e29b-41d4-a716-446655440065', '2023-07-20', '2025-07-19', 115000, 14000, 230000, 115000, '保証会社C', 'active', '2023-06-20', '2023-06-30', '2023-07-10', '2023-07-20'),
('550e8400-e29b-41d4-a716-446655440106', '550e8400-e29b-41d4-a716-446655440066', '2024-05-10', '2026-05-09', 210000, 22000, 420000, 210000, '鈴木父母', 'active', '2024-04-10', '2024-04-20', '2024-04-30', '2024-05-10'),
('550e8400-e29b-41d4-a716-446655440107', '550e8400-e29b-41d4-a716-446655440067', '2023-11-05', '2025-11-04', 350000, 30000, 700000, 350000, '高橋商事', 'active', '2023-10-05', '2023-10-15', '2023-10-25', '2023-11-05'),

-- プレミアムコート渋谷
('550e8400-e29b-41d4-a716-446655440108', '550e8400-e29b-41d4-a716-446655440068', '2024-02-14', '2026-02-13', 98000, 10000, 196000, 98000, '伊藤企業', 'active', '2024-01-14', '2024-01-24', '2024-02-01', '2024-02-14'),
('550e8400-e29b-41d4-a716-446655440109', '550e8400-e29b-41d4-a716-446655440069', '2023-10-20', '2025-10-19', 138000, 14000, 276000, 138000, '保証会社D', 'active', '2023-09-20', '2023-09-30', '2023-10-10', '2023-10-20'),
('550e8400-e29b-41d4-a716-446655440110', '550e8400-e29b-41d4-a716-446655440070', '2024-06-01', '2026-05-31', 155000, 15000, 310000, 155000, '山本父', 'active', '2024-05-01', '2024-05-11', '2024-05-20', '2024-06-01'),

-- エクセレント青山
('550e8400-e29b-41d4-a716-446655440111', '550e8400-e29b-41d4-a716-446655440071', '2024-04-15', '2026-04-14', 115000, 13000, 230000, 115000, '中村商事', 'active', '2024-03-15', '2024-03-25', '2024-04-05', '2024-04-15'),
('550e8400-e29b-41d4-a716-446655440112', '550e8400-e29b-41d4-a716-446655440072', '2023-08-25', '2025-08-24', 135000, 14000, 270000, 135000, '保証会社E', 'active', '2023-07-25', '2023-08-04', '2023-08-15', '2023-08-25'),
('550e8400-e29b-41d4-a716-446655440113', '550e8400-e29b-41d4-a716-446655440073', '2024-01-20', '2026-01-19', 182000, 18000, 364000, 182000, '加藤兄弟', 'active', '2023-12-20', '2023-12-30', '2024-01-10', '2024-01-20'),
('550e8400-e29b-41d4-a716-446655440114', '550e8400-e29b-41d4-a716-446655440074', '2023-12-10', '2025-12-09', 225000, 22000, 450000, 225000, '吉田実業', 'active', '2023-11-10', '2023-11-20', '2023-11-30', '2023-12-10')
ON CONFLICT (id) DO NOTHING;

-- ラグジュアリー表参道
INSERT INTO contracts (id, resident_id, start_date, end_date, rent, maintenance_fee, deposit, key_money, guarantor, status, application_date, approval_date, signing_date, move_in_date) VALUES
('550e8400-e29b-41d4-a716-446655440115', '550e8400-e29b-41d4-a716-446655440075', '2024-07-01', '2026-06-30', 145000, 16000, 290000, 145000, '木村父', 'active', '2024-06-01', '2024-06-11', '2024-06-20', '2024-07-01'),
('550e8400-e29b-41d4-a716-446655440116', '550e8400-e29b-41d4-a716-446655440076', '2023-05-18', '2025-05-17', 195000, 19000, 390000, 195000, '保証会社F', 'active', '2023-04-18', '2023-04-28', '2023-05-08', '2023-05-18'),
('550e8400-e29b-41d4-a716-446655440117', '550e8400-e29b-41d4-a716-446655440077', '2024-09-05', '2026-09-04', 380000, 32000, 760000, 380000, '斉藤商事', 'active', '2024-08-05', '2024-08-15', '2024-08-25', '2024-09-05')
ON CONFLICT (id) DO NOTHING;

-- =============================================================================
-- 6. 修繕記録データ（20件）
-- =============================================================================

INSERT INTO repair_records (id, room_id, mansion_id, contractor_id, scope, description, request_date, start_date, completion_date, cost, estimated_cost, contractor_name, status, priority, category) VALUES
-- 完了済み修繕（10件）
('550e8400-e29b-41d4-a716-446655440120', '550e8400-e29b-41d4-a716-446655440010', '550e8400-e29b-41d4-a716-446655440000', '550e8400-e29b-41d4-a716-446655440080', 'room', 'キッチン水道蛇口交換', '2024-09-10', '2024-09-12', '2024-09-12', 45000, 50000, '東京水道工事株式会社', 'completed', 'high', 'plumbing'),
('550e8400-e29b-41d4-a716-446655440121', '550e8400-e29b-41d4-a716-446655440012', '550e8400-e29b-41d4-a716-446655440000', '550e8400-e29b-41d4-a716-446655440083', 'room', '照明器具交換', '2024-09-15', '2024-09-18', '2024-09-18', 28000, 30000, '電気工事サービス', 'completed', 'medium', 'electrical'),
('550e8400-e29b-41d4-a716-446655440122', NULL, '550e8400-e29b-41d4-a716-446655440000', '550e8400-e29b-41d4-a716-446655440085', 'building', '外壁塗装補修', '2024-08-01', '2024-08-05', '2024-08-20', 850000, 900000, '外装メンテナンス', 'completed', 'medium', 'exterior'),
('550e8400-e29b-41d4-a716-446655440123', '550e8400-e29b-41d4-a716-446655440020', '550e8400-e29b-41d4-a716-446655440001', '550e8400-e29b-41d4-a716-446655440084', 'room', 'エアコンクリーニング', '2024-10-01', '2024-10-03', '2024-10-03', 18000, 18000, 'クリーンサービス東京', 'completed', 'low', 'equipment'),
('550e8400-e29b-41d4-a716-446655440124', '550e8400-e29b-41d4-a716-446655440023', '550e8400-e29b-41d4-a716-446655440001', '550e8400-e29b-41d4-a716-446655440082', 'room', 'フローリング補修', '2024-09-20', '2024-09-25', '2024-09-27', 125000, 130000, 'リフォーム株式会社', 'completed', 'medium', 'interior'),
('550e8400-e29b-41d4-a716-446655440125', NULL, '550e8400-e29b-41d4-a716-446655440001', '550e8400-e29b-41d4-a716-446655440087', 'building', 'エレベーター定期点検', '2024-10-10', '2024-10-12', '2024-10-12', 95000, 95000, '設備修理センター', 'completed', 'high', 'equipment'),
('550e8400-e29b-41d4-a716-446655440126', '550e8400-e29b-41d4-a716-446655440030', '550e8400-e29b-41d4-a716-446655440002', '550e8400-e29b-41d4-a716-446655440081', 'room', 'トイレ水漏れ修理', '2024-09-25', '2024-09-26', '2024-09-26', 32000, 35000, '水道修理プロ', 'completed', 'urgent', 'plumbing'),
('550e8400-e29b-41d4-a716-446655440127', '550e8400-e29b-41d4-a716-446655440032', '550e8400-e29b-41d4-a716-446655440002', '550e8400-e29b-41d4-a716-446655440086', 'room', '壁紙張替え', '2024-08-10', '2024-08-15', '2024-08-17', 68000, 70000, '内装デザインワークス', 'completed', 'low', 'interior'),
('550e8400-e29b-41d4-a716-446655440128', '550e8400-e29b-41d4-a716-446655440040', '550e8400-e29b-41d4-a716-446655440003', '550e8400-e29b-41d4-a716-446655440083', 'room', 'インターホン交換', '2024-10-05', '2024-10-08', '2024-10-08', 42000, 45000, '電気工事サービス', 'completed', 'medium', 'electrical'),
('550e8400-e29b-41d4-a716-446655440129', NULL, '550e8400-e29b-41d4-a716-446655440003', '550e8400-e29b-41d4-a716-446655440084', 'building', '共用部清掃', '2024-10-20', '2024-10-22', '2024-10-22', 55000, 55000, 'クリーンサービス東京', 'completed', 'low', 'other'),

-- 進行中修繕（7件）
('550e8400-e29b-41d4-a716-446655440130', '550e8400-e29b-41d4-a716-446655440043', '550e8400-e29b-41d4-a716-446655440003', '550e8400-e29b-41d4-a716-446655440082', 'room', 'キッチン改装', '2024-10-25', '2024-11-01', NULL, 0, 385000, 'リフォーム株式会社', 'in-progress', 'medium', 'interior'),
('550e8400-e29b-41d4-a716-446655440131', NULL, '550e8400-e29b-41d4-a716-446655440004', '550e8400-e29b-41d4-a716-446655440085', 'building', '屋上防水工事', '2024-10-15', '2024-10-28', NULL, 0, 1250000, '外装メンテナンス', 'in-progress', 'high', 'exterior'),
('550e8400-e29b-41d4-a716-446655440132', '550e8400-e29b-41d4-a716-446655440050', '550e8400-e29b-41d4-a716-446655440004', '550e8400-e29b-41d4-a716-446655440080', 'room', '給湯器交換', '2024-10-28', '2024-11-02', NULL, 0, 185000, '東京水道工事株式会社', 'in-progress', 'high', 'equipment'),
('550e8400-e29b-41d4-a716-446655440133', '550e8400-e29b-41d4-a716-446655440013', '550e8400-e29b-41d4-a716-446655440000', '550e8400-e29b-41d4-a716-446655440086', 'room', '浴室リフォーム', '2024-10-22', '2024-11-01', NULL, 0, 450000, '内装デザインワークス', 'in-progress', 'medium', 'interior'),
('550e8400-e29b-41d4-a716-446655440134', '550e8400-e29b-41d4-a716-446655440021', '550e8400-e29b-41d4-a716-446655440001', '550e8400-e29b-41d4-a716-446655440083', 'room', 'ブレーカー交換', '2024-11-01', '2024-11-03', NULL, 0, 75000, '電気工事サービス', 'in-progress', 'urgent', 'electrical'),
('550e8400-e29b-41d4-a716-446655440135', '550e8400-e29b-41d4-a716-446655440033', '550e8400-e29b-41d4-a716-446655440002', '550e8400-e29b-41d4-a716-446655440088', 'room', 'ドアロック修理', '2024-10-30', '2024-11-02', NULL, 0, 28000, '総合リペアサービス', 'in-progress', 'high', 'other'),
('550e8400-e29b-41d4-a716-446655440136', NULL, '550e8400-e29b-41d4-a716-446655440002', '550e8400-e29b-41d4-a716-446655440087', 'building', '消防設備点検', '2024-11-01', '2024-11-03', NULL, 0, 120000, '設備修理センター', 'in-progress', 'high', 'equipment'),

-- 未着手修繕（3件）
('550e8400-e29b-41d4-a716-446655440137', '550e8400-e29b-41d4-a716-446655440051', '550e8400-e29b-41d4-a716-446655440004', '550e8400-e29b-41d4-a716-446655440081', 'room', 'キッチン排水管清掃', '2024-11-02', NULL, NULL, 0, 35000, '水道修理プロ', 'pending', 'medium', 'plumbing'),
('550e8400-e29b-41d4-a716-446655440138', '550e8400-e29b-41d4-a716-446655440024', '550e8400-e29b-41d4-a716-446655440001', '550e8400-e29b-41d4-a716-446655440082', 'room', 'ペントハウステラス防水', '2024-11-03', NULL, NULL, 0, 680000, 'リフォーム株式会社', 'pending', 'medium', 'exterior'),
('550e8400-e29b-41d4-a716-446655440139', NULL, '550e8400-e29b-41d4-a716-446655440000', '550e8400-e29b-41d4-a716-446655440084', 'building', '年末大掃除', '2024-11-04', NULL, NULL, 0, 95000, 'クリーンサービス東京', 'pending', 'low', 'other')
ON CONFLICT (id) DO NOTHING;

-- =============================================================================
-- 7. 財務記録データ（50件 - 収入30件、支出20件）
-- =============================================================================

-- 収入記録（30件 - 家賃収入）
INSERT INTO financial_records (id, date, type, category, subcategory, amount, description, room_id, resident_id, is_recurring, recurring_frequency) VALUES
-- 2024年10月分家賃
('550e8400-e29b-41d4-a716-446655440150', '2024-10-05', 'income', '家賃', '月額家賃', 120000, 'グランドパレス六本木101号室 10月分家賃', '550e8400-e29b-41d4-a716-446655440010', '550e8400-e29b-41d4-a716-446655440060', true, 'monthly'),
('550e8400-e29b-41d4-a716-446655440151', '2024-10-05', 'income', '家賃', '月額家賃', 125000, 'グランドパレス六本木206号室 10月分家賃', '550e8400-e29b-41d4-a716-446655440012', '550e8400-e29b-41d4-a716-446655440061', true, 'monthly'),
('550e8400-e29b-41d4-a716-446655440152', '2024-10-05', 'income', '家賃', '月額家賃', 165000, 'グランドパレス六本木305号室 10月分家賃', '550e8400-e29b-41d4-a716-446655440013', '550e8400-e29b-41d4-a716-446655440062', true, 'monthly'),
('550e8400-e29b-41d4-a716-446655440153', '2024-10-05', 'income', '家賃', '月額家賃', 175000, 'グランドパレス六本木503号室 10月分家賃', '550e8400-e29b-41d4-a716-446655440015', '550e8400-e29b-41d4-a716-446655440063', true, 'monthly'),
('550e8400-e29b-41d4-a716-446655440154', '2024-10-05', 'income', '家賃', '月額家賃', 95000, 'ロイヤルタワー新宿801号室 10月分家賃', '550e8400-e29b-41d4-a716-446655440020', '550e8400-e29b-41d4-a716-446655440064', true, 'monthly'),
('550e8400-e29b-41d4-a716-446655440155', '2024-10-05', 'income', '家賃', '月額家賃', 115000, 'ロイヤルタワー新宿1205号室 10月分家賃', '550e8400-e29b-41d4-a716-446655440021', '550e8400-e29b-41d4-a716-446655440065', true, 'monthly'),
('550e8400-e29b-41d4-a716-446655440156', '2024-10-05', 'income', '家賃', '月額家賃', 210000, 'ロイヤルタワー新宿2002号室 10月分家賃', '550e8400-e29b-41d4-a716-446655440023', '550e8400-e29b-41d4-a716-446655440066', true, 'monthly'),
('550e8400-e29b-41d4-a716-446655440157', '2024-10-05', 'income', '家賃', '月額家賃', 350000, 'ロイヤルタワー新宿2510号室 10月分家賃', '550e8400-e29b-41d4-a716-446655440024', '550e8400-e29b-41d4-a716-446655440067', true, 'monthly'),
('550e8400-e29b-41d4-a716-446655440158', '2024-10-05', 'income', '家賃', '月額家賃', 98000, 'プレミアムコート渋谷201号室 10月分家賃', '550e8400-e29b-41d4-a716-446655440030', '550e8400-e29b-41d4-a716-446655440068', true, 'monthly'),
('550e8400-e29b-41d4-a716-446655440159', '2024-10-05', 'income', '家賃', '月額家賃', 138000, 'プレミアムコート渋谷408号室 10月分家賃', '550e8400-e29b-41d4-a716-446655440032', '550e8400-e29b-41d4-a716-446655440069', true, 'monthly'),
('550e8400-e29b-41d4-a716-446655440160', '2024-10-05', 'income', '家賃', '月額家賃', 155000, 'プレミアムコート渋谷502号室 10月分家賃', '550e8400-e29b-41d4-a716-446655440033', '550e8400-e29b-41d4-a716-446655440070', true, 'monthly'),
('550e8400-e29b-41d4-a716-446655440161', '2024-10-05', 'income', '家賃', '月額家賃', 115000, 'エクセレント青山101号室 10月分家賃', '550e8400-e29b-41d4-a716-446655440040', '550e8400-e29b-41d4-a716-446655440071', true, 'monthly'),
('550e8400-e29b-41d4-a716-446655440162', '2024-10-05', 'income', '家賃', '月額家賃', 135000, 'エクセレント青山203号室 10月分家賃', '550e8400-e29b-41d4-a716-446655440041', '550e8400-e29b-41d4-a716-446655440072', true, 'monthly'),
('550e8400-e29b-41d4-a716-446655440163', '2024-10-05', 'income', '家賃', '月額家賃', 182000, 'エクセレント青山408号室 10月分家賃', '550e8400-e29b-41d4-a716-446655440043', '550e8400-e29b-41d4-a716-446655440073', true, 'monthly'),
('550e8400-e29b-41d4-a716-446655440164', '2024-10-05', 'income', '家賃', '月額家賃', 225000, 'エクセレント青山501号室 10月分家賃', '550e8400-e29b-41d4-a716-446655440044', '550e8400-e29b-41d4-a716-446655440074', true, 'monthly'),
('550e8400-e29b-41d4-a716-446655440165', '2024-10-05', 'income', '家賃', '月額家賃', 145000, 'ラグジュアリー表参道201号室 10月分家賃', '550e8400-e29b-41d4-a716-446655440050', '550e8400-e29b-41d4-a716-446655440075', true, 'monthly'),
('550e8400-e29b-41d4-a716-446655440166', '2024-10-05', 'income', '家賃', '月額家賃', 195000, 'ラグジュアリー表参道302号室 10月分家賃', '550e8400-e29b-41d4-a716-446655440051', '550e8400-e29b-41d4-a716-446655440076', true, 'monthly'),
('550e8400-e29b-41d4-a716-446655440167', '2024-10-05', 'income', '家賃', '月額家賃', 380000, 'ラグジュアリー表参道501号室 10月分家賃', '550e8400-e29b-41d4-a716-446655440053', '550e8400-e29b-41d4-a716-446655440077', true, 'monthly'),

-- 2024年9月分家賃（選抜）
('550e8400-e29b-41d4-a716-446655440168', '2024-09-05', 'income', '家賃', '月額家賃', 120000, 'グランドパレス六本木101号室 9月分家賃', '550e8400-e29b-41d4-a716-446655440010', '550e8400-e29b-41d4-a716-446655440060', true, 'monthly'),
('550e8400-e29b-41d4-a716-446655440169', '2024-09-05', 'income', '家賃', '月額家賃', 350000, 'ロイヤルタワー新宿2510号室 9月分家賃', '550e8400-e29b-41d4-a716-446655440024', '550e8400-e29b-41d4-a716-446655440067', true, 'monthly'),
('550e8400-e29b-41d4-a716-446655440170', '2024-09-05', 'income', '家賃', '月額家賃', 225000, 'エクセレント青山501号室 9月分家賃', '550e8400-e29b-41d4-a716-446655440044', '550e8400-e29b-41d4-a716-446655440074', true, 'monthly'),
('550e8400-e29b-41d4-a716-446655440171', '2024-09-05', 'income', '家賃', '月額家賃', 380000, 'ラグジュアリー表参道501号室 9月分家賃', '550e8400-e29b-41d4-a716-446655440053', '550e8400-e29b-41d4-a716-446655440077', true, 'monthly'),

-- 管理費・駐車場代収入
('550e8400-e29b-41d4-a716-446655440172', '2024-10-05', 'income', '管理費', '月額管理費', 15000, 'グランドパレス六本木101号室 10月分管理費', '550e8400-e29b-41d4-a716-446655440010', '550e8400-e29b-41d4-a716-446655440060', true, 'monthly'),
('550e8400-e29b-41d4-a716-446655440173', '2024-10-05', 'income', '駐車場代', '月額駐車場代', 20000, 'グランドパレス六本木101号室 10月分駐車場代', '550e8400-e29b-41d4-a716-446655440010', '550e8400-e29b-41d4-a716-446655440060', true, 'monthly'),
('550e8400-e29b-41d4-a716-446655440174', '2024-10-05', 'income', '管理費', '月額管理費', 30000, 'ロイヤルタワー新宿2510号室 10月分管理費', '550e8400-e29b-41d4-a716-446655440024', '550e8400-e29b-41d4-a716-446655440067', true, 'monthly'),
('550e8400-e29b-41d4-a716-446655440175', '2024-10-05', 'income', '駐車場代', '月額駐車場代', 30000, 'ロイヤルタワー新宿2510号室 10月分駐車場代', '550e8400-e29b-41d4-a716-446655440024', '550e8400-e29b-41d4-a716-446655440067', true, 'monthly'),
('550e8400-e29b-41d4-a716-446655440176', '2024-10-05', 'income', '管理費', '月額管理費', 32000, 'ラグジュアリー表参道501号室 10月分管理費', '550e8400-e29b-41d4-a716-446655440053', '550e8400-e29b-41d4-a716-446655440077', true, 'monthly'),
('550e8400-e29b-41d4-a716-446655440177', '2024-10-05', 'income', '駐車場代', '月額駐車場代', 35000, 'ラグジュアリー表参道501号室 10月分駐車場代', '550e8400-e29b-41d4-a716-446655440053', '550e8400-e29b-41d4-a716-446655440077', true, 'monthly'),

-- 礼金・更新料収入
('550e8400-e29b-41d4-a716-446655440178', '2024-09-05', 'income', '礼金', '新規契約', 380000, 'ラグジュアリー表参道501号室 新規契約礼金', '550e8400-e29b-41d4-a716-446655440053', '550e8400-e29b-41d4-a716-446655440077', false, NULL),
('550e8400-e29b-41d4-a716-446655440179', '2024-07-01', 'income', '礼金', '新規契約', 145000, 'ラグジュアリー表参道201号室 新規契約礼金', '550e8400-e29b-41d4-a716-446655440050', '550e8400-e29b-41d4-a716-446655440075', false, NULL)
ON CONFLICT (id) DO NOTHING;

-- 支出記録（20件）
INSERT INTO financial_records (id, date, type, category, subcategory, amount, description, is_recurring, recurring_frequency) VALUES
-- 修繕費用
('550e8400-e29b-41d4-a716-446655440200', '2024-09-12', 'expense', '修繕費', '水道工事', 45000, 'グランドパレス六本木101号室 キッチン水道蛇口交換', false, NULL),
('550e8400-e29b-41d4-a716-446655440201', '2024-09-18', 'expense', '修繕費', '電気工事', 28000, 'グランドパレス六本木206号室 照明器具交換', false, NULL),
('550e8400-e29b-41d4-a716-446655440202', '2024-08-20', 'expense', '修繕費', '外装工事', 850000, 'グランドパレス六本木 外壁塗装補修', false, NULL),
('550e8400-e29b-41d4-a716-446655440203', '2024-10-03', 'expense', '修繕費', '設備清掃', 18000, 'ロイヤルタワー新宿801号室 エアコンクリーニング', false, NULL),
('550e8400-e29b-41d4-a716-446655440204', '2024-09-27', 'expense', '修繕費', '内装工事', 125000, 'ロイヤルタワー新宿2002号室 フローリング補修', false, NULL),
('550e8400-e29b-41d4-a716-446655440205', '2024-10-12', 'expense', '修繕費', '設備点検', 95000, 'ロイヤルタワー新宿 エレベーター定期点検', false, NULL),
('550e8400-e29b-41d4-a716-446655440206', '2024-09-26', 'expense', '修繕費', '水道工事', 32000, 'プレミアムコート渋谷201号室 トイレ水漏れ修理', false, NULL),
('550e8400-e29b-41d4-a716-446655440207', '2024-08-17', 'expense', '修繕費', '内装工事', 68000, 'プレミアムコート渋谷408号室 壁紙張替え', false, NULL),

-- 公共料金・管理費
('550e8400-e29b-41d4-a716-446655440208', '2024-10-15', 'expense', '公共料金', '電気代', 185000, 'グランドパレス六本木 共用部電気代 10月分', true, 'monthly'),
('550e8400-e29b-41d4-a716-446655440209', '2024-10-15', 'expense', '公共料金', '水道代', 95000, 'グランドパレス六本木 共用部水道代 10月分', true, 'monthly'),
('550e8400-e29b-41d4-a716-446655440210', '2024-10-15', 'expense', '公共料金', '電気代', 325000, 'ロイヤルタワー新宿 共用部電気代 10月分', true, 'monthly'),
('550e8400-e29b-41d4-a716-446655440211', '2024-10-15', 'expense', '公共料金', '水道代', 145000, 'ロイヤルタワー新宿 共用部水道代 10月分', true, 'monthly'),
('550e8400-e29b-41d4-a716-446655440212', '2024-10-20', 'expense', '清掃費', '定期清掃', 55000, 'エクセレント青山 共用部清掃 10月分', true, 'monthly'),
('550e8400-e29b-41d4-a716-446655440213', '2024-10-20', 'expense', '清掃費', '定期清掃', 42000, 'プレミアムコート渋谷 共用部清掃 10月分', true, 'monthly'),

-- 管理委託費・保険料
('550e8400-e29b-41d4-a716-446655440214', '2024-10-25', 'expense', '管理委託費', '建物管理', 280000, 'グランドパレス六本木 管理委託費 10月分', true, 'monthly'),
('550e8400-e29b-41d4-a716-446655440215', '2024-10-25', 'expense', '管理委託費', '建物管理', 450000, 'ロイヤルタワー新宿 管理委託費 10月分', true, 'monthly'),
('550e8400-e29b-41d4-a716-446655440216', '2024-10-01', 'expense', '保険料', '火災保険', 320000, 'グランドパレス六本木 火災保険年間保険料（分割1/4）', true, 'quarterly'),
('550e8400-e29b-41d4-a716-446655440217', '2024-10-01', 'expense', '保険料', '火災保険', 580000, 'ロイヤルタワー新宿 火災保険年間保険料（分割1/4）', true, 'quarterly'),

-- 税金
('550e8400-e29b-41d4-a716-446655440218', '2024-09-30', 'expense', '固定資産税', '不動産税', 1850000, 'グランドパレス六本木 固定資産税（第2期）', false, NULL),
('550e8400-e29b-41d4-a716-446655440219', '2024-09-30', 'expense', '固定資産税', '不動産税', 2650000, 'ロイヤルタワー新宿 固定資産税（第2期）', false, NULL)
ON CONFLICT (id) DO NOTHING;

-- =============================================================================
-- 8. 支払い記録データ（15件）
-- =============================================================================

INSERT INTO payment_records (id, payee_name, amount, description, payment_date, due_date, category, payment_method, status, bank_name, account_name) VALUES
-- 業者支払い（完了）
('550e8400-e29b-41d4-a716-446655440230', '東京水道工事株式会社', 45000, 'キッチン水道蛇口交換工事費用', '2024-09-15', '2024-09-20', 'contractor', 'bank_transfer', 'completed', 'みずほ銀行', '物件管理株式会社'),
('550e8400-e29b-41d4-a716-446655440231', '電気工事サービス', 28000, '照明器具交換工事費用', '2024-09-20', '2024-09-25', 'contractor', 'bank_transfer', 'completed', '三菱UFJ銀行', '物件管理株式会社'),
('550e8400-e29b-41d4-a716-446655440232', '外装メンテナンス', 850000, '外壁塗装補修工事費用', '2024-08-25', '2024-08-31', 'contractor', 'bank_transfer', 'completed', '三井住友銀行', '物件管理株式会社'),
('550e8400-e29b-41d4-a716-446655440233', 'クリーンサービス東京', 18000, 'エアコンクリーニング費用', '2024-10-05', '2024-10-10', 'contractor', 'bank_transfer', 'completed', 'みずほ銀行', '物件管理株式会社'),
('550e8400-e29b-41d4-a716-446655440234', 'リフォーム株式会社', 125000, 'フローリング補修工事費用', '2024-09-30', '2024-10-05', 'contractor', 'bank_transfer', 'completed', '三菱UFJ銀行', '物件管理株式会社'),
('550e8400-e29b-41d4-a716-446655440235', '設備修理センター', 95000, 'エレベーター定期点検費用', '2024-10-15', '2024-10-20', 'contractor', 'bank_transfer', 'completed', '三井住友銀行', '物件管理株式会社'),

-- 公共料金支払い（完了）
('550e8400-e29b-41d4-a716-446655440236', '東京電力', 185000, 'グランドパレス六本木 電気代', '2024-10-18', '2024-10-20', 'utility', 'bank_transfer', 'completed', 'みずほ銀行', '物件管理株式会社'),
('550e8400-e29b-41d4-a716-446655440237', '東京都水道局', 95000, 'グランドパレス六本木 水道代', '2024-10-18', '2024-10-20', 'utility', 'bank_transfer', 'completed', 'みずほ銀行', '物件管理株式会社'),
('550e8400-e29b-41d4-a716-446655440238', '東京電力', 325000, 'ロイヤルタワー新宿 電気代', '2024-10-18', '2024-10-20', 'utility', 'bank_transfer', 'completed', '三菱UFJ銀行', '物件管理株式会社'),

-- 業者支払い（進行中）
('550e8400-e29b-41d4-a716-446655440239', 'リフォーム株式会社', 385000, 'キッチン改装工事費用（工事完了後支払い）', '2024-11-15', '2024-11-20', 'contractor', 'bank_transfer', 'pending', '三菱UFJ銀行', '物件管理株式会社'),
('550e8400-e29b-41d4-a716-446655440240', '外装メンテナンス', 1250000, '屋上防水工事費用（工事完了後支払い）', '2024-11-25', '2024-11-30', 'contractor', 'bank_transfer', 'pending', '三井住友銀行', '物件管理株式会社'),
('550e8400-e29b-41d4-a716-446655440241', '東京水道工事株式会社', 185000, '給湯器交換工事費用（工事完了後支払い）', '2024-11-10', '2024-11-15', 'contractor', 'bank_transfer', 'pending', 'みずほ銀行', '物件管理株式会社'),

-- 定期支払い（予定）
('550e8400-e29b-41d4-a716-446655440242', '総合ビル管理', 280000, 'グランドパレス六本木 管理委託費 11月分', '2024-11-25', '2024-11-30', 'maintenance', 'bank_transfer', 'pending', 'みずほ銀行', '物件管理株式会社'),
('550e8400-e29b-41d4-a716-446655440243', '総合ビル管理', 450000, 'ロイヤルタワー新宿 管理委託費 11月分', '2024-11-25', '2024-11-30', 'maintenance', 'bank_transfer', 'pending', '三菱UFJ銀行', '物件管理株式会社'),
('550e8400-e29b-41d4-a716-446655440244', '東京海上日動火災保険', 320000, 'グランドパレス六本木 火災保険料（第2期）', '2024-12-31', '2025-01-10', 'insurance', 'bank_transfer', 'pending', 'みずほ銀行', '物件管理株式会社')
ON CONFLICT (id) DO NOTHING;

-- =============================================================================
-- 9. 住民要望データ（10件）
-- =============================================================================

INSERT INTO resident_requests (id, resident_id, room_id, type, title, description, status, priority, submitted_date, response_date, response, assigned_to) VALUES
-- 修理依頼（解決済み）
('550e8400-e29b-41d4-a716-446655440260', '550e8400-e29b-41d4-a716-446655440060', '550e8400-e29b-41d4-a716-446655440010', 'repair', 'キッチンの蛇口から水漏れ', 'キッチンの蛇口を閉めても少しずつ水が漏れています。修理をお願いします。', 'resolved', 'high', '2024-09-08', '2024-09-09', '確認しました。9/12に業者を手配して修理を実施します。', '山田 管理人'),
('550e8400-e29b-41d4-a716-446655440261', '550e8400-e29b-41d4-a716-446655440061', '550e8400-e29b-41d4-a716-446655440012', 'repair', 'リビングの照明が点灯しない', 'リビングの照明が突然点灯しなくなりました。電球を交換しても直りません。', 'resolved', 'high', '2024-09-13', '2024-09-14', '電気系統の問題でした。9/18に電気工事業者により修理完了しました。', '鈴木 管理人'),
('550e8400-e29b-41d4-a716-446655440262', '550e8400-e29b-41d4-a716-446655440068', '550e8400-e29b-41d4-a716-446655440030', 'repair', 'トイレの水が流れにくい', 'トイレの水の流れが悪く、完全に流れるまで時間がかかります。', 'resolved', 'urgent', '2024-09-23', '2024-09-24', '緊急案件として9/26に水道修理業者を手配しました。現在は解決済みです。', '田中 管理人'),

-- 修理依頼（進行中）
('550e8400-e29b-41d4-a716-446655440263', '550e8400-e29b-41d4-a716-446655440073', '550e8400-e29b-41d4-a716-446655440043', 'repair', 'キッチンが古くなってきた', 'キッチンの設備が古く、収納も少ないためリフォームを希望します。', 'in-progress', 'medium', '2024-10-20', '2024-10-22', '見積もりを取り、11月から工事を開始します。工事期間は約10日間の予定です。', '山田 管理人'),
('550e8400-e29b-41d4-a716-446655440264', '550e8400-e29b-41d4-a716-446655440065', '550e8400-e29b-41d4-a716-446655440021', 'repair', 'ブレーカーが頻繁に落ちる', '最近、ブレーカーが頻繁に落ちるようになりました。点検をお願いします。', 'in-progress', 'urgent', '2024-10-30', '2024-10-31', '電気工事業者を11/3に手配しました。ブレーカーの交換が必要な可能性があります。', '鈴木 管理人'),

-- 苦情・要望（レビュー中）
('550e8400-e29b-41d4-a716-446655440265', '550e8400-e29b-41d4-a716-446655440066', '550e8400-e29b-41d4-a716-446655440023', 'complaint', '上階からの騒音', '夜間に上階から足音や物音が聞こえて困っています。', 'reviewing', 'medium', '2024-10-28', '2024-10-29', '状況を確認し、上階の住民に注意喚起を行います。改善が見られない場合は再度ご連絡ください。', '田中 管理人'),
('550e8400-e29b-41d4-a716-446655440266', '550e8400-e29b-41d4-a716-446655440070', '550e8400-e29b-41d4-a716-446655440033', 'suggestion', 'エントランスに宅配ボックスを設置希望', '不在時に荷物を受け取れるよう、宅配ボックスの設置を希望します。', 'reviewing', 'low', '2024-10-25', '2024-10-27', 'ご要望ありがとうございます。他の住民の意見も聞きながら検討させていただきます。', '山田 管理人'),

-- 問い合わせ（新規）
('550e8400-e29b-41d4-a716-446655440267', '550e8400-e29b-41d4-a716-446655440076', '550e8400-e29b-41d4-a716-446655440051', 'inquiry', 'ゴミ出しの曜日について', '燃えるゴミの収集曜日を確認したいです。', 'submitted', 'low', '2024-11-01', NULL, NULL, NULL),
('550e8400-e29b-41d4-a716-446655440268', '550e8400-e29b-41d4-a716-446655440072', '550e8400-e29b-41d4-a716-446655440041', 'inquiry', '駐輪場の利用について', '自転車用の駐輪場を利用したいのですが、申込方法を教えてください。', 'submitted', 'low', '2024-11-02', NULL, NULL, NULL),
('550e8400-e29b-41d4-a716-446655440269', '550e8400-e29b-41d4-a716-446655440064', '550e8400-e29b-41d4-a716-446655440020', 'suggestion', 'Wi-Fi環境の改善', '共用部のWi-Fi電波が弱いので、改善をお願いします。', 'submitted', 'medium', '2024-11-03', NULL, NULL, NULL)
ON CONFLICT (id) DO NOTHING;

-- =============================================================================
-- 10. 通知データ（5件）
-- =============================================================================

INSERT INTO notifications (id, user_id, type, title, message, is_read, action_url) VALUES
('550e8400-e29b-41d4-a716-446655440280', 'yasui101', 'repair-request', '修理完了のお知らせ', 'キッチン蛇口の修理が完了しました。ご確認ください。', true, '/resident/requests'),
('550e8400-e29b-41d4-a716-446655440281', 'enri206', 'repair-request', '修理完了のお知らせ', 'リビング照明の修理が完了しました。', false, '/resident/requests'),
('550e8400-e29b-41d4-a716-446655440282', 'arai503', 'contract-renewal', '契約更新のご案内', '契約期限が近づいています。更新手続きをお願いします。', false, '/resident/contracts'),
('550e8400-e29b-41d4-a716-446655440283', 'admin', 'maintenance-scheduled', '定期点検のお知らせ', 'エレベーターの定期点検を10/12に実施します。', true, '/admin/repairs'),
('550e8400-e29b-41d4-a716-446655440284', 'manager', 'payment-overdue', '支払い期限のお知らせ', '11月の管理委託費の支払い期限が近づいています。', false, '/admin/payments')
ON CONFLICT (id) DO NOTHING;

-- =============================================================================
-- 11. プロジェクト管理データ
-- =============================================================================

-- メンバーデータ（8名）
INSERT INTO members (id, name, team, qualifications, available_hours_start, available_hours_end, available_areas) VALUES
('550e8400-e29b-41d4-a716-446655440300', '田中 太郎', 'Aチーム', '{"電気工事士","足場組立"}', '08:00:00', '18:00:00', '{"東京都港区","東京都渋谷区"}'),
('550e8400-e29b-41d4-a716-446655440301', '佐藤 花子', 'Aチーム', '{"配管工","溶接"}', '08:00:00', '17:00:00', '{"東京都港区","東京都新宿区"}'),
('550e8400-e29b-41d4-a716-446655440302', '鈴木 一郎', 'Bチーム', '{"大工","内装"}', '09:00:00', '18:00:00', '{"東京都渋谷区","東京都品川区"}'),
('550e8400-e29b-41d4-a716-446655440303', '高橋 美咲', 'Bチーム', '{"塗装","防水"}', '08:30:00', '17:30:00', '{"東京都新宿区","東京都中央区"}'),
('550e8400-e29b-41d4-a716-446655440304', '伊藤 健二', 'Cチーム', '{"足場組立","重機操作"}', '07:00:00', '16:00:00', '{"東京都港区","東京都品川区"}'),
('550e8400-e29b-41d4-a716-446655440305', '渡辺 麗子', 'Cチーム', '{"電気工事士","通信工事"}', '08:00:00', '17:00:00', '{"東京都渋谷区","東京都新宿区"}'),
('550e8400-e29b-41d4-a716-446655440306', '山本 和彦', 'Dチーム', '{"配管工","衛生設備"}', '08:00:00', '18:00:00', '{"東京都港区","東京都千代田区"}'),
('550e8400-e29b-41d4-a716-446655440307', '中村 直樹', 'Dチーム', '{"大工","リフォーム"}', '09:00:00', '19:00:00', '{"東京都渋谷区","東京都目黒区"}')
ON CONFLICT (id) DO NOTHING;

-- 外部パートナーデータ（3社）
INSERT INTO external_partners (id, name) VALUES
('550e8400-e29b-41d4-a716-446655440320', '協力会社A'),
('550e8400-e29b-41d4-a716-446655440321', '協力会社B'),
('550e8400-e29b-41d4-a716-446655440322', '協力会社C')
ON CONFLICT (id) DO NOTHING;

-- プロジェクトデータ（3件）
INSERT INTO projects (id, name, date, work_time_start, work_time_end, location, work_content, required_members, lead_member_id) VALUES
('550e8400-e29b-41d4-a716-446655440330', 'グランドパレス六本木 外壁補修工事', '2024-11-10', '08:00:00', '17:00:00', 'グランドパレス六本木', '外壁塗装補修、ひび割れ修理、防水処理', 4, '550e8400-e29b-41d4-a716-446655440300'),
('550e8400-e29b-41d4-a716-446655440331', 'ロイヤルタワー新宿 エレベーター点検', '2024-11-15', '09:00:00', '16:00:00', 'ロイヤルタワー新宿', 'エレベーター法定点検、動作確認、部品交換', 2, '550e8400-e29b-41d4-a716-446655440304'),
('550e8400-e29b-41d4-a716-446655440332', 'ラグジュアリー表参道 屋上防水工事', '2024-11-20', '08:00:00', '18:00:00', 'ラグジュアリー表参道', '屋上防水シート張替え、排水設備点検', 5, '550e8400-e29b-41d4-a716-446655440303')
ON CONFLICT (id) DO NOTHING;

-- プロジェクト-メンバー割り当て
INSERT INTO project_member_assignments (project_id, member_id) VALUES
('550e8400-e29b-41d4-a716-446655440330', '550e8400-e29b-41d4-a716-446655440300'),
('550e8400-e29b-41d4-a716-446655440330', '550e8400-e29b-41d4-a716-446655440301'),
('550e8400-e29b-41d4-a716-446655440330', '550e8400-e29b-41d4-a716-446655440303'),
('550e8400-e29b-41d4-a716-446655440331', '550e8400-e29b-41d4-a716-446655440304'),
('550e8400-e29b-41d4-a716-446655440331', '550e8400-e29b-41d4-a716-446655440305'),
('550e8400-e29b-41d4-a716-446655440332', '550e8400-e29b-41d4-a716-446655440303'),
('550e8400-e29b-41d4-a716-446655440332', '550e8400-e29b-41d4-a716-446655440302'),
('550e8400-e29b-41d4-a716-446655440332', '550e8400-e29b-41d4-a716-446655440306')
ON CONFLICT (project_id, member_id) DO NOTHING;

-- プロジェクト-外部パートナー割り当て
INSERT INTO project_external_partner_assignments (project_id, partner_id, member_count, representative_name) VALUES
('550e8400-e29b-41d4-a716-446655440330', '550e8400-e29b-41d4-a716-446655440320', 2, '山田 太郎'),
('550e8400-e29b-41d4-a716-446655440332', '550e8400-e29b-41d4-a716-446655440321', 3, '佐藤 次郎')
ON CONFLICT (project_id, partner_id) DO NOTHING;

-- =============================================================================
-- サンプルデータ作成完了
-- =============================================================================

DO $$
BEGIN
    RAISE NOTICE '✅ サンプルデータの投入が完了しました！';
    RAISE NOTICE '📊 物件: 5件';
    RAISE NOTICE '🏠 部屋: 25件';
    RAISE NOTICE '👥 住民: 18名';
    RAISE NOTICE '🔧 業者: 10社';
    RAISE NOTICE '📝 契約: 18件';
    RAISE NOTICE '🛠️ 修繕記録: 20件';
    RAISE NOTICE '💰 財務記録: 50件';
    RAISE NOTICE '💳 支払い記録: 15件';
    RAISE NOTICE '📮 住民要望: 10件';
    RAISE NOTICE '🔔 通知: 5件';
    RAISE NOTICE '📋 プロジェクト: 3件';
    RAISE NOTICE '👷 メンバー: 8名';
    RAISE NOTICE '🤝 外部パートナー: 3社';
END $$;
